patient	sample	Is_Tumor	Run	lane	ProcessingMethod	10x chemistry (verType)
C104	C104_T_1_1_0_c1_v2	Yes	SRR15652831	S1_L007	unsorted	v2
C104	C104_T_1_1_0_c1_v2	Yes	SRR15652832	S1_L001	unsorted	v2
C104	C104_T_1_1_3_c1_v2	Yes	SRR15652833	S1_L007	LiveMACS	v2
C105	C105_T_1_1_0_c1_v2	Yes	SRR15652834	S1_L005	unsorted	v2
C105	C105_T_1_1_0_c1_v2	Yes	SRR15652835	S1_L006	unsorted	v2
C105	C105_T_1_1_0_c1_v2	Yes	SRR15652836	S1_L001	unsorted	v2
C105	C105_T_1_1_3_c1_v2	Yes	SRR15652837	S1_L005	LiveMACS	v2
C105	C105_T_1_1_3_c1_v2	Yes	SRR15652838	S1_L006	LiveMACS	v2
C106	C106_N_1_1_0_c1_v2	No	SRR15652839	S1_L005	unsorted	v2
C106	C106_N_1_1_0_c1_v2	No	SRR15652840	S1_L006	unsorted	v2
C106	C106_N_1_1_0_c1_v2	No	SRR15652841	S1_L003	unsorted	v2
C106	C106_N_1_1_3_c1_v2	No	SRR15652842	S1_L005	LiveMACS	v2
C106	C106_N_1_1_3_c1_v2	No	SRR15652843	S1_L006	LiveMACS	v2
C106	C106_T_1_1_0_c1_v2	Yes	SRR15652844	S1_L005	unsorted	v2
C106	C106_T_1_1_0_c1_v2	Yes	SRR15652845	S1_L006	unsorted	v2
C106	C106_T_1_1_3_c1_v2	Yes	SRR15652846	S1_L005	LiveMACS	v2
C106	C106_T_1_1_3_c1_v2	Yes	SRR15652847	S1_L006	LiveMACS	v2
C107	C107_N_1_1_0_c1_v2	No	SRR15652848	S1_L008	unsorted	v2
C107	C107_N_1_1_0_c1_v2	No	SRR15652849	S1_L008	unsorted	v2
C107	C107_T_1_1_0_c1_v2	Yes	SRR15652850	S1_L008	unsorted	v2
C107	C107_T_1_1_0_c1_v2	Yes	SRR15652851	S1_L005	unsorted	v2
C107	C107_T_1_1_1_c1_v2	Yes	SRR15652852	S1_L008	CD45pMACS	v2
C107	C107_T_1_1_1_c1_v2	Yes	SRR15652853	S1_L002	CD45pMACS	v2
C107	C107_T_1_1_3_c1_v2	Yes	SRR15652854	S1_L008	LiveMACS	v2
C109	C109_N_0_1_0_c1_v2	No	SRR15652855	S1_L007	unsorted	v2
C109	C109_N_0_1_0_c1_v2	No	SRR15652856	S1_L008	unsorted	v2
C109	C109_T_0_1_0_c1_v2	Yes	SRR15652857	S1_L007	unsorted	v2
C109	C109_T_0_1_0_c1_v2	Yes	SRR15652858	S1_L001	unsorted	v2
C109	C109_T_0_1_1_c1_v2	Yes	SRR15652859	S1_L007	CD45pMACS	v2
C110	C110_N_1_1_0_c1_v2	No	SRR15652860	S1_L003	unsorted	v2
C110	C110_T_1_1_0_c1_v2	Yes	SRR15652861	S1_L003	unsorted	v2
C110	C110_T_1_1_1_c1_v2	Yes	SRR15652862	S1_L003	CD45pMACS	v2
C111	C111_N_0_2_0_c1_v2	No	SRR15652863	S1_L004	unsorted	v2
C111	C111_N_0_2_0_c1_v2	No	SRR15652864	S1_L008	unsorted	v2
C111	C111_N_0_2_1_c1_v2	No	SRR15652865	S1_L004	CD45pMACS	v2
C111	C111_N_0_2_1_c1_v2	No	SRR15652866	S1_L004	CD45pMACS	v2
C111	C111_T_0_2_0_c1_v2	Yes	SRR15652867	S1_L004	unsorted	v2
C111	C111_T_0_2_0_c1_v2	Yes	SRR15652868	S1_L006	unsorted	v2
C111	C111_T_0_2_0_c2_v2	Yes	SRR15652869	S1_L004	unsorted	v2
C111	C111_T_0_2_1_c1_v2	Yes	SRR15652870	S1_L004	CD45pMACS	v2
C112	C112_N_0_1_2_c1_v2	No	SRR15652871	S1_L005	mixUnsortCD45MACS	v2
C112	C112_N_0_1_2_c1_v2	No	SRR15652872	S1_L008	mixUnsortCD45MACS	v2
C112	C112_N_0_1_2_c1_v2	No	SRR15652873	S1_L008	mixUnsortCD45MACS	v2
C112	C112_T_0_1_0_c1_v2	Yes	SRR15652874	S1_L005	unsorted	v2
C112	C112_T_0_1_0_c1_v2	Yes	SRR15652875	S1_L001	unsorted	v2
C112	C112_T_0_1_1_c1_v2	Yes	SRR15652876	S1_L005	CD45pMACS	v2
C113	C113_N_1_1_0_c1_v2	No	SRR15652877	S1_L001	unsorted	v2
C113	C113_T_1_1_0_c1_v2	Yes	SRR15652878	S1_L001	unsorted	v2
C113	C113_T_1_1_0_c1_v2	Yes	SRR15652879	S1_L001	unsorted	v2
C113	C113_T_1_1_1_c1_v2	Yes	SRR15652880	S1_L007	CD45pMACS	v2
C113	C113_T_1_1_1_c1_v2	Yes	SRR15652881	S1_L001	CD45pMACS	v2
C114	C114_N_1_1_2_c1_v2	No	SRR15652882	S1_L004	mixUnsortCD45MACS	v2
C114	C114_N_1_1_2_c1_v2	No	SRR15652883	S1_L002	mixUnsortCD45MACS	v2
C114	C114_T_1_1_0_c1_v2	Yes	SRR15652884	S1_L002	unsorted	v2
C114	C114_T_1_1_0_c1_v2	Yes	SRR15652885	S1_L002	unsorted	v2
C114	C114_T_1_1_1_c1_v2	Yes	SRR15652886	S1_L007	CD45pMACS	v2
C114	C114_T_1_1_1_c1_v2	Yes	SRR15652887	S1_L002	CD45pMACS	v2
C115	C115_N_1_1_2_c1_v2	No	SRR15652888	S1_L002	mixUnsortCD45MACS	v2
C115	C115_T_1_1_1_c1_v2	Yes	SRR15652889	S1_L002	CD45pMACS	v2
C115	C115_T_1_1_2_c1_v2	Yes	SRR15652890	S1_L002	mixUnsortCD45MACS	v2
C116	C116_N_0_2_2_c1_v2	No	SRR15652891	S1_L008	mixUnsortCD45MACS	v2
C116	C116_N_0_2_2_c1_v2	No	SRR15652892	S1_L008	mixUnsortCD45MACS	v2
C116	C116_N_0_2_2_c1_v2	No	SRR15652893	S1_L008	mixUnsortCD45MACS	v2
C116	C116_T_0_2_0_c1_v2	Yes	SRR15652894	S1_L008	unsorted	v2
C116	C116_T_0_2_1_c1_v2	Yes	SRR15652895	S1_L008	CD45pMACS	v2
C116	C116_T_0_2_2_c1_v2	Yes	SRR15652896	S1_L008	mixUnsortCD45MACS	v2
C118	C118_T_1_1_1_c1_v2	Yes	SRR15652897	S1_L007	CD45pMACS	v2
C118	C118_T_1_1_1_c1_v2	Yes	SRR15652898	S1_L002	CD45pMACS	v2
C118	C118_T_1_1_2_c1_v2	Yes	SRR15652899	S1_L007	mixUnsortCD45MACS	v2
C118	C118_T_1_1_2_c1_v2	Yes	SRR15652900	S1_L003	mixUnsortCD45MACS	v2
C119	C119_N_0_2_0_c1_v2	No	SRR15652901	S1_L008	unsorted	v2
C119	C119_T_0_2_0_c1_v2	Yes	SRR15652902	S1_L006	unsorted	v2
C122	C122_N_1_1_0_c1_v2	No	SRR15652903	S1_L008	unsorted	v2
C122	C122_N_1_1_0_c1_v2	No	SRR15652904	S1_L008	unsorted	v2
C122	C122_N_1_1_1_c1_v2	No	SRR15652905	S1_L008	CD45pMACS	v2
C122	C122_N_1_1_1_c1_v2	No	SRR15652906	S1_L008	CD45pMACS	v2
C122	C122_N_1_1_1_c1_v2	No	SRR15652907	S1_L008	CD45pMACS	v2
C122	C122_T_1_1_0_c1_v2	Yes	SRR15652908	S1_L005	unsorted	v2
C122	C122_T_1_1_0_c1_v2	Yes	SRR15652909	S1_L003	unsorted	v2
C122	C122_T_1_1_1_c1_v2	Yes	SRR15652910	S1_L005	CD45pMACS	v2
C123	C123_N_1_1_0_c1_v2	No	SRR15652911	S1_L005	unsorted	v2
C123	C123_N_1_1_0_c1_v2	No	SRR15652912	S1_L008	unsorted	v2
C123	C123_N_1_1_1_c1_v2	No	SRR15652913	S1_L005	CD45pMACS	v2
C123	C123_N_1_1_1_c1_v2	No	SRR15652914	S1_L008	CD45pMACS	v2
C123	C123_N_1_1_1_c1_v2	No	SRR15652915	S1_L008	CD45pMACS	v2
C123	C123_T_1_1_0_c1_v2	Yes	SRR15652916	S1_L005	unsorted	v2
C123	C123_T_1_1_0_c1_v2	Yes	SRR15652917	S1_L004	unsorted	v2
C123	C123_T_1_1_1_c1_v2	Yes	SRR15652918	S1_L005	CD45pMACS	v2
C123	C123_T_1_1_1_c1_v2	Yes	SRR15652919	S1_L002	CD45pMACS	v2
C124	C124_N_0_3_0_c1_v2	No	SRR15652920	S1_L003	unsorted	v2
C124	C124_N_0_3_0_c1_v2	No	SRR15652921	S1_L004	unsorted	v2
C124	C124_N_0_3_1_c1_v2	No	SRR15652922	S1_L004	CD45pMACS	v2
C124	C124_N_0_3_1_c1_v2	No	SRR15652923	S1_L004	CD45pMACS	v2
C124	C124_T_0_3_0_c1_v2	Yes	SRR15652924	S1_L004	unsorted	v2
C124	C124_T_0_3_0_c1_v2	Yes	SRR15652925	S1_L004	unsorted	v2
C124	C124_T_0_3_1_c1_v2	Yes	SRR15652926	S1_L007	CD45pMACS	v2
C124	C124_T_0_3_1_c1_v2	Yes	SRR15652927	S1_L004	CD45pMACS	v2
C125	C125_N_1_1_0_c1_v2	No	SRR15652928	S1_L003	unsorted	v2
C125	C125_N_1_1_0_c1_v2	No	SRR15652929	S1_L006	unsorted	v2
C125	C125_N_1_1_1_c1_v2	No	SRR15652930	S1_L004	CD45pMACS	v2
C125	C125_N_1_1_1_c1_v2	No	SRR15652931	S1_L006	CD45pMACS	v2
C125	C125_T_1_1_0_c1_v2	Yes	SRR15652932	S1_L005	unsorted	v2
C125	C125_T_1_1_1_c1_v2	Yes	SRR15652933	S1_L002	CD45pMACS	v2
C125	C125_T_1_1_1_c1_v2	Yes	SRR15652934	S1_L005	CD45pMACS	v2
C125	C125_T_1_1_1_c2_v2	Yes	SRR15652935	S1_L002	CD45pMACS	v2
C125	C125_T_1_1_1_c2_v2	Yes	SRR15652936	S1_L005	CD45pMACS	v2
C126	C126_N_1_1_0_c1_v2	No	SRR15652937	S1_L004	unsorted	v2
C126	C126_N_1_1_0_c1_v2	No	SRR15652938	S1_L006	unsorted	v2
C126	C126_N_1_1_1_c1_v2	No	SRR15652939	S1_L006	CD45pMACS	v2
C126	C126_N_1_1_1_c1_v2	No	SRR15652940	S1_L006	CD45pMACS	v2
C126	C126_N_1_1_1_c2_v2	No	SRR15652941	S1_L007	CD45pMACS	v2
C126	C126_N_1_1_1_c2_v2	No	SRR15652942	S1_L006	CD45pMACS	v2
C126	C126_T_1_1_0_c1_v2	Yes	SRR15652943	S1_L003	unsorted	v2
C126	C126_T_1_1_0_c1_v2	Yes	SRR15652944	S1_L004	unsorted	v2
C126	C126_T_1_1_1_c1_v2	Yes	SRR15652945	S1_L003	CD45pMACS	v2
C126	C126_T_1_1_1_c1_v2	Yes	SRR15652946	S1_L006	CD45pMACS	v2
C126	C126_T_1_1_1_c2_v2	Yes	SRR15652947	S1_L003	CD45pMACS	v2
C129	C129_N_1_1_0_c1_v2	No	SRR15652948	S1_L006	unsorted	v2
C129	C129_N_1_1_0_c1_v2	No	SRR15652949	S1_L007	unsorted	v2
C129	C129_N_1_1_1_c1_v2	No	SRR15652950	S1_L006	CD45pMACS	v2
C129	C129_N_1_1_1_c1_v2	No	SRR15652951	S1_L007	CD45pMACS	v2
C129	C129_N_1_1_1_c1_v2	No	SRR15652952	S1_L008	CD45pMACS	v2
C129	C129_T_1_1_0_c1_v2	Yes	SRR15652953	S1_L004	unsorted	v2
C129	C129_T_1_1_0_c1_v2	Yes	SRR15652954	S1_L001	unsorted	v2
C129	C129_T_1_1_1_c1_v2	Yes	SRR15652955	S1_L003	CD45pMACS	v2
C129	C129_T_1_1_1_c1_v2	Yes	SRR15652956	S1_L005	CD45pMACS	v2
C130	C130_N_1_1_0_c1_v2	No	SRR15652957	S1_L006	unsorted	v2
C130	C130_N_1_1_0_c1_v2	No	SRR15652958	S1_L007	unsorted	v2
C130	C130_N_1_1_0_c1_v2	No	SRR15652959	S1_L008	unsorted	v2
C130	C130_N_1_1_1_c1_v2	No	SRR15652960	S1_L006	CD45pMACS	v2
C130	C130_N_1_1_1_c1_v2	No	SRR15652961	S1_L007	CD45pMACS	v2
C130	C130_N_1_1_1_c1_v2	No	SRR15652962	S1_L007	CD45pMACS	v2
C130	C130_TA_1_1_0_c1_v2	Yes	SRR15652963	S1_L004	unsorted	v2
C130	C130_TA_1_1_0_c1_v2	Yes	SRR15652964	S1_L003	unsorted	v2
C130	C130_TA_1_1_1_c1_v2	Yes	SRR15652965	S1_L003	CD45pMACS	v2
C130	C130_TA_1_1_1_c1_v2	Yes	SRR15652966	S1_L005	CD45pMACS	v2
C130	C130_TB_1_1_0_c1_v2	Yes	SRR15652967	S1_L004	unsorted	v2
C130	C130_TB_1_1_0_c1_v2	Yes	SRR15652968	S1_L002	unsorted	v2
C130	C130_TB_1_1_1_c1_v2	Yes	SRR15652969	S1_L003	CD45pMACS	v2
C130	C130_TB_1_1_1_c1_v2	Yes	SRR15652970	S1_L006	CD45pMACS	v2
C132	C132_N_1_1_0_c1_v2	No	SRR15652971	S1_L007	unsorted	v2
C132	C132_T_1_1_0_c1_v2	Yes	SRR15652972	S1_L007	unsorted	v2
C132	C132_T_1_1_0_c1_v2	Yes	SRR15652973	S1_L001	unsorted	v2
C132	C132_T_1_1_1_c1_v2	Yes	SRR15652974	S1_L007	CD45pMACS	v2
C132	C132_T_1_1_1_c1_v2	Yes	SRR15652975	S1_L008	CD45pMACS	v2
C133	C133_N_0_0_0_c1_v2	No	SRR15652976	S1_L002	unsorted	v2
C133	C133_N_0_0_0_c1_v2	No	SRR15652977	S1_L008	unsorted	v2
C133	C133_T_0_0_0_c1_v2	Yes	SRR15652978	S1_L002	unsorted	v2
C133	C133_T_0_0_0_c2_v2	Yes	SRR15652979	S1_L002	unsorted	v2
C133	C133_T_0_0_0_c2_v2	Yes	SRR15652980	S1_L004	unsorted	v2
C134	C134_N_0_3_0_c1_v2	No	SRR15652981	S1_L005	unsorted	v2
C134	C134_N_0_3_1_c1_v2	No	SRR15652982	S1_L005	CD45pMACS	v2
C134	C134_T_0_3_0_c1_v2	Yes	SRR15652983	S1_L006	unsorted	v2
C134	C134_T_0_3_0_c2_v2	Yes	SRR15652984	S1_L006	unsorted	v2
C134	C134_T_0_3_1_c1_v2	Yes	SRR15652985	S1_L006	CD45pMACS	v2
C134	C134_T_0_3_1_c2_v2	Yes	SRR15652986	S1_L005	CD45pMACS	v2
C135	C135_N_1_1_0_c1_v2	No	SRR15652987	S1_L005	unsorted	v2
C135	C135_N_1_1_0_c1_v2	No	SRR15653124	S1_L001	unsorted	v2
C135	C135_N_1_1_0_c1_v2	No	SRR15653125	S1_L002	unsorted	v2
C135	C135_N_1_1_0_c1_v2	No	SRR15653126	S1_L003	unsorted	v2
C135	C135_N_1_1_0_c1_v2	No	SRR15653127	S1_L004	unsorted	v2
C135	C135_T_1_1_0_c1_v2	Yes	SRR15652988	S1_L005	unsorted	v2
C135	C135_T_1_1_0_c1_v2	Yes	SRR15653128	S1_L001	unsorted	v2
C135	C135_T_1_1_0_c1_v2	Yes	SRR15653129	S1_L002	unsorted	v2
C135	C135_T_1_1_0_c1_v2	Yes	SRR15653130	S1_L003	unsorted	v2
C135	C135_T_1_1_0_c1_v2	Yes	SRR15653131	S1_L004	unsorted	v2
C135	C135_T_1_1_1_c1_v2	Yes	SRR15652989	S1_L008	CD45pMACS	v2
C135	C135_T_1_1_1_c2_v2	Yes	SRR15652990	S1_L005	CD45pMACS	v2
C135	C135_T_1_1_1_c2_v2	Yes	SRR15653132	S1_L001	CD45pMACS	v2
C135	C135_T_1_1_1_c2_v2	Yes	SRR15653133	S1_L002	CD45pMACS	v2
C135	C135_T_1_1_1_c2_v2	Yes	SRR15653134	S1_L003	CD45pMACS	v2
C135	C135_T_1_1_1_c2_v2	Yes	SRR15653135	S1_L004	CD45pMACS	v2
C136	C136_N_1_1_0_c1_v2	No	SRR15652991	S1_L004	unsorted	v2
C136	C136_N_1_1_0_c1_v2	No	SRR15653136	S1_L001	unsorted	v2
C136	C136_N_1_1_0_c1_v2	No	SRR15653137	S1_L002	unsorted	v2
C136	C136_N_1_1_0_c1_v2	No	SRR15653138	S1_L003	unsorted	v2
C136	C136_N_1_1_0_c1_v2	No	SRR15653139	S1_L004	unsorted	v2
C136	C136_N_1_1_1_c1_v2	No	SRR15652992	S1_L006	CD45pMACS	v2
C136	C136_N_1_1_1_c1_v2	No	SRR15653140	S1_L001	CD45pMACS	v2
C136	C136_N_1_1_1_c1_v2	No	SRR15653141	S1_L002	CD45pMACS	v2
C136	C136_N_1_1_1_c1_v2	No	SRR15653142	S1_L003	CD45pMACS	v2
C136	C136_N_1_1_1_c1_v2	No	SRR15653143	S1_L004	CD45pMACS	v2
C136	C136_T_1_1_0_c1_v2	Yes	SRR15652993	S1_L007	unsorted	v2
C136	C136_T_1_1_0_c1_v2	Yes	SRR15653144	S1_L001	unsorted	v2
C136	C136_T_1_1_0_c1_v2	Yes	SRR15653145	S1_L002	unsorted	v2
C136	C136_T_1_1_0_c1_v2	Yes	SRR15653146	S1_L003	unsorted	v2
C136	C136_T_1_1_0_c1_v2	Yes	SRR15653147	S1_L004	unsorted	v2
C136	C136_T_1_1_1_c1_v2	Yes	SRR15652994	S1_L003	CD45pMACS	v2
C136	C136_T_1_1_1_c1_v2	Yes	SRR15653148	S1_L001	CD45pMACS	v2
C136	C136_T_1_1_1_c1_v2	Yes	SRR15653149	S1_L002	CD45pMACS	v2
C136	C136_T_1_1_1_c1_v2	Yes	SRR15653150	S1_L003	CD45pMACS	v2
C136	C136_T_1_1_1_c1_v2	Yes	SRR15653151	S1_L004	CD45pMACS	v2
C136	C136_T_1_1_1_c2_v2	Yes	SRR15652995	S1_L008	CD45pMACS	v2
C136	C136_T_1_1_1_c2_v2	Yes	SRR15653152	S1_L001	CD45pMACS	v2
C136	C136_T_1_1_1_c2_v2	Yes	SRR15653153	S1_L002	CD45pMACS	v2
C136	C136_T_1_1_1_c2_v2	Yes	SRR15653154	S1_L003	CD45pMACS	v2
C136	C136_T_1_1_1_c2_v2	Yes	SRR15653155	S1_L004	CD45pMACS	v2
C137	C137_N_1_1_0_c1_v2	No	SRR15652996	S1_L003	unsorted	v2
C137	C137_N_1_1_0_c1_v2	No	SRR15653156	S1_L001	unsorted	v2
C137	C137_N_1_1_0_c1_v2	No	SRR15653157	S1_L002	unsorted	v2
C137	C137_N_1_1_0_c1_v2	No	SRR15653158	S1_L003	unsorted	v2
C137	C137_N_1_1_0_c1_v2	No	SRR15653159	S1_L004	unsorted	v2
C137	C137_N_1_1_1_c1_v2	No	SRR15652997	S1_L006	CD45pMACS	v2
C137	C137_T_1_1_0_c1_v2	Yes	SRR15652998	S1_L007	unsorted	v2
C137	C137_T_1_1_0_c1_v2	Yes	SRR15653160	S1_L001	unsorted	v2
C137	C137_T_1_1_0_c1_v2	Yes	SRR15653161	S1_L002	unsorted	v2
C137	C137_T_1_1_0_c1_v2	Yes	SRR15653162	S1_L003	unsorted	v2
C137	C137_T_1_1_0_c1_v2	Yes	SRR15653163	S1_L004	unsorted	v2
C139	C139_N_1_1_0_c1_v2	No	SRR15652999	S1_L006	unsorted	v2
C139	C139_N_1_1_0_c1_v2	No	SRR15653196	S1_L001	unsorted	v2
C139	C139_N_1_1_0_c1_v2	No	SRR15653197	S1_L002	unsorted	v2
C139	C139_N_1_1_0_c1_v2	No	SRR15653198	S1_L003	unsorted	v2
C139	C139_N_1_1_0_c1_v2	No	SRR15653199	S1_L004	unsorted	v2
C139	C139_N_1_1_1_c1_v2	No	SRR15653000	S1_L005	CD45pMACS	v2
C139	C139_N_1_1_1_c1_v2	No	SRR15653200	S1_L001	CD45pMACS	v2
C139	C139_N_1_1_1_c1_v2	No	SRR15653201	S1_L002	CD45pMACS	v2
C139	C139_N_1_1_1_c1_v2	No	SRR15653202	S1_L003	CD45pMACS	v2
C139	C139_N_1_1_1_c1_v2	No	SRR15653203	S1_L004	CD45pMACS	v2
C139	C139_T_1_1_0_c1_v2	Yes	SRR15653001	S1_L007	unsorted	v2
C139	C139_T_1_1_0_c1_v2	Yes	SRR15653204	S1_L001	unsorted	v2
C139	C139_T_1_1_0_c1_v2	Yes	SRR15653205	S1_L002	unsorted	v2
C139	C139_T_1_1_0_c1_v2	Yes	SRR15653206	S1_L003	unsorted	v2
C139	C139_T_1_1_0_c1_v2	Yes	SRR15653207	S1_L004	unsorted	v2
C139	C139_T_1_1_0_c2_v2	Yes	SRR15653002	S1_L008	unsorted	v2
C139	C139_T_1_1_0_c2_v2	Yes	SRR15653208	S1_L001	unsorted	v2
C139	C139_T_1_1_0_c2_v2	Yes	SRR15653209	S1_L002	unsorted	v2
C139	C139_T_1_1_0_c2_v2	Yes	SRR15653210	S1_L003	unsorted	v2
C139	C139_T_1_1_0_c2_v2	Yes	SRR15653211	S1_L004	unsorted	v2
C139	C139_T_1_1_1_c1_v2	Yes	SRR15653003	S1_L004	CD45pMACS	v2
C139	C139_T_1_1_1_c1_v2	Yes	SRR15653212	S1_L001	CD45pMACS	v2
C139	C139_T_1_1_1_c1_v2	Yes	SRR15653213	S1_L002	CD45pMACS	v2
C139	C139_T_1_1_1_c1_v2	Yes	SRR15653214	S1_L003	CD45pMACS	v2
C139	C139_T_1_1_1_c1_v2	Yes	SRR15653215	S1_L004	CD45pMACS	v2
C140	C140_N_1_1_0_c1_v2	No	SRR15653004	S1_L003	unsorted	v2
C140	C140_N_1_1_0_c1_v2	No	SRR15653216	S1_L001	unsorted	v2
C140	C140_N_1_1_0_c1_v2	No	SRR15653217	S1_L002	unsorted	v2
C140	C140_N_1_1_0_c1_v2	No	SRR15653218	S1_L003	unsorted	v2
C140	C140_N_1_1_0_c1_v2	No	SRR15653219	S1_L004	unsorted	v2
C140	C140_T_1_1_0_c1_v2	Yes	SRR15653005	S1_L008	unsorted	v2
C140	C140_T_1_1_0_c1_v2	Yes	SRR15653220	S1_L001	unsorted	v2
C140	C140_T_1_1_0_c1_v2	Yes	SRR15653221	S1_L002	unsorted	v2
C140	C140_T_1_1_0_c1_v2	Yes	SRR15653222	S1_L003	unsorted	v2
C140	C140_T_1_1_0_c1_v2	Yes	SRR15653223	S1_L004	unsorted	v2
C140	C140_T_1_1_1_c1_v2	Yes	SRR15653006	S1_L007	CD45pMACS	v2
C140	C140_T_1_1_1_c1_v2	Yes	SRR15653224	S1_L001	CD45pMACS	v2
C140	C140_T_1_1_1_c1_v2	Yes	SRR15653225	S1_L002	CD45pMACS	v2
C140	C140_T_1_1_1_c1_v2	Yes	SRR15653226	S1_L003	CD45pMACS	v2
C140	C140_T_1_1_1_c1_v2	Yes	SRR15653227	S1_L004	CD45pMACS	v2
C140	C140_T_1_1_1_c2_v2	Yes	SRR15653007	S1_L007	CD45pMACS	v2
C140	C140_T_1_1_1_c2_v2	Yes	SRR15653228	S1_L001	CD45pMACS	v2
C140	C140_T_1_1_1_c2_v2	Yes	SRR15653229	S1_L002	CD45pMACS	v2
C140	C140_T_1_1_1_c2_v2	Yes	SRR15653230	S1_L003	CD45pMACS	v2
C140	C140_T_1_1_1_c2_v2	Yes	SRR15653231	S1_L004	CD45pMACS	v2
C142	C142_N_1_1_0_c1_v2	No	SRR15653008	S1_L004	unsorted	v2
C142	C142_N_1_1_0_c1_v2	No	SRR15653232	S1_L001	unsorted	v2
C142	C142_N_1_1_0_c1_v2	No	SRR15653233	S1_L002	unsorted	v2
C142	C142_N_1_1_0_c1_v2	No	SRR15653234	S1_L003	unsorted	v2
C142	C142_N_1_1_0_c1_v2	No	SRR15653235	S1_L004	unsorted	v2
C142	C142_T_1_1_0_c1_v2	Yes	SRR15653009	S1_L004	unsorted	v2
C142	C142_T_1_1_0_c1_v2	Yes	SRR15653236	S1_L001	unsorted	v2
C142	C142_T_1_1_0_c1_v2	Yes	SRR15653237	S1_L002	unsorted	v2
C142	C142_T_1_1_0_c1_v2	Yes	SRR15653238	S1_L003	unsorted	v2
C142	C142_T_1_1_0_c1_v2	Yes	SRR15653239	S1_L004	unsorted	v2
C142	C142_T_1_1_1_c1_v2	Yes	SRR15653010	S1_L003	CD45pMACS	v2
C142	C142_T_1_1_1_c1_v2	Yes	SRR15653240	S1_L001	CD45pMACS	v2
C142	C142_T_1_1_1_c1_v2	Yes	SRR15653241	S1_L002	CD45pMACS	v2
C142	C142_T_1_1_1_c1_v2	Yes	SRR15653242	S1_L003	CD45pMACS	v2
C142	C142_T_1_1_1_c1_v2	Yes	SRR15653243	S1_L004	CD45pMACS	v2
C143	C143_N_1_1_0_c1_v2	No	SRR15653011	S1_L004	unsorted	v2
C143	C143_N_1_1_0_c1_v2	No	SRR15653244	S1_L001	unsorted	v2
C143	C143_N_1_1_0_c1_v2	No	SRR15653245	S1_L002	unsorted	v2
C143	C143_N_1_1_0_c1_v2	No	SRR15653246	S1_L003	unsorted	v2
C143	C143_N_1_1_0_c1_v2	No	SRR15653247	S1_L004	unsorted	v2
C144	C144_T_1_1_0_c1_v2	Yes	SRR15653012	S1_L003	unsorted	v2
C144	C144_T_1_1_1_c1_v2	Yes	SRR15653013	S1_L005	CD45pMACS	v2
C144	C144_T_1_1_1_c1_v2	Yes	SRR15653256	S1_L001	CD45pMACS	v2
C144	C144_T_1_1_1_c1_v2	Yes	SRR15653257	S1_L002	CD45pMACS	v2
C144	C144_T_1_1_1_c1_v2	Yes	SRR15653258	S1_L003	CD45pMACS	v2
C144	C144_T_1_1_1_c1_v2	Yes	SRR15653259	S1_L004	CD45pMACS	v2
C144	C144_T_1_1_12_c1_v2	Yes	SRR15653014	S1_L007	CD45pCD3nCD19nMACS	v2
C144	C144_T_1_1_12_c1_v2	Yes	SRR15653260	S1_L001	CD45pCD3nCD19nMACS	v2
C144	C144_T_1_1_12_c1_v2	Yes	SRR15653261	S1_L002	CD45pCD3nCD19nMACS	v2
C144	C144_T_1_1_12_c1_v2	Yes	SRR15653262	S1_L003	CD45pCD3nCD19nMACS	v2
C144	C144_T_1_1_12_c1_v2	Yes	SRR15653263	S1_L004	CD45pCD3nCD19nMACS	v2
C145	C145_T_1_1_0_c1_v2	Yes	SRR15653015	S1_L007	unsorted	v2
C145	C145_T_1_1_0_c1_v2	Yes	SRR15653016	S1_L005	unsorted	v2
C145	C145_T_1_1_1_c1_v2	Yes	SRR15653017	S1_L004	CD45pMACS	v2
C145	C145_T_1_1_1_c1_v2	Yes	SRR15653264	S1_L001	CD45pMACS	v2
C145	C145_T_1_1_1_c1_v2	Yes	SRR15653265	S1_L002	CD45pMACS	v2
C145	C145_T_1_1_1_c1_v2	Yes	SRR15653266	S1_L003	CD45pMACS	v2
C145	C145_T_1_1_1_c1_v2	Yes	SRR15653267	S1_L004	CD45pMACS	v2
C146	C146_T_1_1_0_c1_v2	Yes	SRR15653018	S1_L007	unsorted	v2
C146	C146_T_1_1_1_c1_v2	Yes	SRR15653019	S1_L004	CD45pMACS	v2
C146	C146_T_1_1_1_c1_v2	Yes	SRR15653268	S1_L001	CD45pMACS	v2
C146	C146_T_1_1_1_c1_v2	Yes	SRR15653269	S1_L002	CD45pMACS	v2
C146	C146_T_1_1_1_c1_v2	Yes	SRR15653270	S1_L003	CD45pMACS	v2
C146	C146_T_1_1_1_c1_v2	Yes	SRR15653271	S1_L004	CD45pMACS	v2
C147	C147_T_1_1_0_c1_v2	Yes	SRR15653020	S1_L006	unsorted	v2
C147	C147_T_1_1_1_c1_v2	Yes	SRR15653021	S1_L005	CD45pMACS	v2
C147	C147_T_1_1_1_c1_v2	Yes	SRR15653272	S1_L001	CD45pMACS	v2
C147	C147_T_1_1_1_c1_v2	Yes	SRR15653273	S1_L002	CD45pMACS	v2
C147	C147_T_1_1_1_c1_v2	Yes	SRR15653274	S1_L003	CD45pMACS	v2
C147	C147_T_1_1_1_c1_v2	Yes	SRR15653275	S1_L004	CD45pMACS	v2
C149	C149_T_1_1_0_c1_v2	Yes	SRR15653022	S1_L007	unsorted	v2
C149	C149_T_1_1_1_c1_v2	Yes	SRR15653023	S1_L005	CD45pMACS	v2
C149	C149_T_1_1_1_c1_v2	Yes	SRR15653276	S1_L001	CD45pMACS	v2
C149	C149_T_1_1_1_c1_v2	Yes	SRR15653277	S1_L002	CD45pMACS	v2
C149	C149_T_1_1_1_c1_v2	Yes	SRR15653278	S1_L003	CD45pMACS	v2
C149	C149_T_1_1_1_c1_v2	Yes	SRR15653279	S1_L004	CD45pMACS	v2
C150	C150_T_1_1_0_c1_v2	Yes	SRR15653024	S1_L004	unsorted	v2
C150	C150_T_1_1_0_c1_v2	Yes	SRR15653025	S1_L006	unsorted	v2
C150	C150_T_1_1_1_c1_v2	Yes	SRR15653026	S1_L004	CD45pMACS	v2
C150	C150_T_1_1_1_c1_v2	Yes	SRR15653280	S1_L001	CD45pMACS	v2
C150	C150_T_1_1_1_c1_v2	Yes	SRR15653281	S1_L002	CD45pMACS	v2
C150	C150_T_1_1_1_c1_v2	Yes	SRR15653282	S1_L003	CD45pMACS	v2
C150	C150_T_1_1_1_c1_v2	Yes	SRR15653283	S1_L004	CD45pMACS	v2
C151	C151_N_0_0_0_c1_v2	No	SRR15653027	S1_L004	unsorted	v2
C151	C151_N_0_0_0_c1_v2	No	SRR15653028	S1_L007	unsorted	v2
C151	C151_T_0_0_0_c1_v2	Yes	SRR15653029	S1_L008	unsorted	v2
C152	C152_N_0_0_0_c1_v2	No	SRR15653030	S1_L001	unsorted	v2
C152	C152_T_0_0_0_c1_v2	Yes	SRR15653031	S1_L001	unsorted	v2
C153	C153_T_1_1_0_c1_v2	Yes	SRR15653032	S1_L001	unsorted	v2
C153	C153_T_1_1_1_c1_v2	Yes	SRR15653033	S1_L003	CD45pMACS	v2
C154	C154_T_1_1_0_c1_v3	Yes	SRR15653034	S1_L001	unsorted	v3
C154	C154_T_1_1_0_c1_v3	Yes	SRR15653035	S1_L002	unsorted	v3
C154	C154_T_1_1_0_c1_v3	Yes	SRR15653036	S1_L003	unsorted	v3
C154	C154_T_1_1_0_c1_v3	Yes	SRR15653037	S1_L008	unsorted	v3
C155	C155_N_0_0_0_c1_v3	No	SRR15653038	S1_L001	unsorted	v3
C155	C155_T_0_0_0_c1_v3	Yes	SRR15653039	S1_L004	unsorted	v3
C155	C155_T_0_0_0_c1_v3	Yes	SRR15653040	S1_L005	unsorted	v3
C155	C155_T_0_0_0_c1_v3	Yes	SRR15653041	S1_L001	unsorted	v3
C156	C156_T_1_1_0_c1_v3	Yes	SRR15653042	S1_L003	unsorted	v3
C156	C156_T_1_1_0_c1_v3	Yes	SRR15653043	S1_L003	unsorted	v3
C156	C156_T_1_1_1_c1_v3	Yes	SRR15653044	S1_L002	CD45pMACS	v3
C156	C156_T_1_1_1_c1_v3	Yes	SRR15653045	S1_L001	CD45pMACS	v3
C157	C157_N_0_0_0_c1_v3	No	SRR15653046	S1_L001	unsorted	v3
C157	C157_T_0_0_0_c1_v3	Yes	SRR15653047	S1_L001	unsorted	v3
C157	C157_T_0_0_0_c1_v3	Yes	SRR15653048	S1_L002	unsorted	v3
C157	C157_T_0_0_0_c1_v3	Yes	SRR15653049	S1_L003	unsorted	v3
C157	C157_T_0_0_0_c1_v3	Yes	SRR15653050	S1_L006	unsorted	v3
C158	C158_T_1_1_0_c1_v3	Yes	SRR15653051	S1_L002	unsorted	v3
C158	C158_T_1_1_0_c1_v3	Yes	SRR15653052	S1_L003	unsorted	v3
C158	C158_T_1_1_1_c1_v3	Yes	SRR15653053	S1_L001	CD45pMACS	v3
C159	C159_T_1_1_0_c1_v3	Yes	SRR15653054	S1_L006	unsorted	v3
C159	C159_T_1_1_0_c1_v3	Yes	SRR15653055	S1_L001	unsorted	v3
C159	C159_T_1_1_1_c1_v3	Yes	SRR15653056	S1_L002	CD45pMACS	v3
C159	C159_T_1_1_1_c1_v3	Yes	SRR15653057	S1_L001	CD45pMACS	v3
C160	C160_T_1_1_0_c1_v3	Yes	SRR15653058	S1_L006	unsorted	v3
C160	C160_T_1_1_0_c1_v3	Yes	SRR15653059	S1_L007	unsorted	v3
C160	C160_T_1_1_0_c1_v3	Yes	SRR15653060	S1_L008	unsorted	v3
C160	C160_T_1_1_0_c1_v3	Yes	SRR15653061	S1_L001	unsorted	v3
C161	C161_T_1_1_0_c1_v3	Yes	SRR15653062	S1_L006	unsorted	v3
C161	C161_T_1_1_0_c1_v3	Yes	SRR15653063	S1_L007	unsorted	v3
C161	C161_T_1_1_0_c1_v3	Yes	SRR15653064	S1_L008	unsorted	v3
C161	C161_T_1_1_0_c1_v3	Yes	SRR15653065	S1_L008	unsorted	v3
C162	C162_N_0_0_0_c1_v3	No	SRR15653066	S1_L001	unsorted	v3
C162	C162_N_0_0_0_c2_v2	No	SRR15653067	S1_L004	unsorted	v2
C162	C162_T_0_0_0_c1_v3	Yes	SRR15653068	S1_L004	unsorted	v3
C162	C162_T_0_0_0_c1_v3	Yes	SRR15653069	S1_L005	unsorted	v3
C162	C162_T_0_0_0_c1_v3	Yes	SRR15653070	S1_L001	unsorted	v3
C162	C162_T_0_0_0_c2_v2	Yes	SRR15653071	S1_L004	unsorted	v2
C162	C162_T_0_0_1_c1_v3	Yes	SRR15653072	S1_L006	CD45pMACS	v3
C162	C162_T_0_0_1_c1_v3	Yes	SRR15653073	S1_L007	CD45pMACS	v3
C162	C162_T_0_0_1_c1_v3	Yes	SRR15653074	S1_L008	CD45pMACS	v3
C162	C162_T_0_0_1_c1_v3	Yes	SRR15653075	S1_L001	CD45pMACS	v3
C162	C162_T_0_0_1_c2_v2	Yes	SRR15653076	S1_L004	CD45pMACS	v2
C163	C163_T_1_1_0_c1_v3	Yes	SRR15653077	S1_L003	unsorted	v3
C163	C163_T_1_1_0_c1_v3	Yes	SRR15653078	S1_L008	unsorted	v3
C164	C164_T_1_1_0_c1_v3	Yes	SRR15653079	S1_L004	unsorted	v3
C164	C164_T_1_1_0_c1_v3	Yes	SRR15653080	S1_L008	unsorted	v3
C165	C165_N_0_0_0_c1_v3	No	SRR15653081	S1_L007	unsorted	v3
C165	C165_T_0_0_0_c1_v3	Yes	SRR15653082	S1_L007	unsorted	v3
C165	C165_T_0_0_0_c1_v3	Yes	SRR15653083	S1_L005	unsorted	v3
C165	C165_T_0_0_1_c1_v3	Yes	SRR15653084	S1_L001	CD45pMACS	v3
C166	C166_T_0_0_0_c1_v3	Yes	SRR15653085	S1_L001	unsorted	v3
C166	C166_T_0_0_0_c1_v3	Yes	SRR15653086	S1_L002	unsorted	v3
C166	C166_T_0_0_0_c1_v3	Yes	SRR15653087	S1_L003	unsorted	v3
C166	C166_T_0_0_0_c1_v3	Yes	SRR15653088	S1_L008	unsorted	v3
C167	C167_T_1_1_0_c1_v3	Yes	SRR15653089	S1_L001	unsorted	v3
C168	C168_T_1_1_0_c1_v3	Yes	SRR15653090	S1_L001	unsorted	v3
C168	C168_T_1_1_0_c1_v3	Yes	SRR15653091	S1_L006	unsorted	v3
C169	C169_T_1_1_0_c1_v3	Yes	SRR15653092	S1_L001	unsorted	v3
C169	C169_T_1_1_0_c1_v3	Yes	SRR15653093	S1_L004	unsorted	v3
C170	C170_N_0_0_0_c1_v3	No	SRR15653094	S1_L001	unsorted	v3
C170	C170_T_0_0_0_c1_v3	Yes	SRR15653095	S1_L001	unsorted	v3
C170	C170_T_0_0_0_c1_v3	Yes	SRR15653096	S1_L007	unsorted	v3
C170	C170_T_0_0_0_c1_v3	Yes	SRR15653097	S1_L008	unsorted	v3
C170	C170_T_0_0_1_c1_v3	Yes	SRR15653098	S1_L001	CD45pMACS	v3
C170	C170_T_0_0_1_c1_v3	Yes	SRR15653099	S1_L005	CD45pMACS	v3
C171	C171_TA_1_1_0_c1_v3	Yes	SRR15653100	S1_L004	unsorted	v3
C171	C171_TA_1_1_0_c1_v3	Yes	SRR15653101	S1_L007	unsorted	v3
C171	C171_TA_1_1_0_c1_v3	Yes	SRR15653102	S1_L008	unsorted	v3
C171	C171_TA_1_1_1_c1_v3	Yes	SRR15653103	S1_L004	CD45pMACS	v3
C171	C171_TA_1_1_1_c1_v3	Yes	SRR15653104	S1_L004	CD45pMACS	v3
C171	C171_TB_1_1_0_c1_v3	Yes	SRR15653105	S1_L004	unsorted	v3
C171	C171_TB_1_1_0_c1_v3	Yes	SRR15653106	S1_L007	unsorted	v3
C171	C171_TB_1_1_0_c1_v3	Yes	SRR15653107	S1_L008	unsorted	v3
C171	C171_TB_1_1_1_c1_v3	Yes	SRR15653108	S1_L004	CD45pMACS	v3
C171	C171_TB_1_1_1_c1_v3	Yes	SRR15653109	S1_L005	CD45pMACS	v3
C172	C172_T_0_0_0_c1_v3	Yes	SRR15653110	S1_L007	unsorted	v3
C173	C173_T_0_0_0_c1_v3	Yes	SRR15653111	S1_L001	unsorted	v3
C103	C103_T_1_1_0_c1_v2	Yes	SRR15653112	S1_L001	unsorted	v2
C103	C103_T_1_1_0_c1_v2	Yes	SRR15653113	S1_L002	unsorted	v2
C103	C103_T_1_1_0_c1_v2	Yes	SRR15653114	S1_L003	unsorted	v2
C103	C103_T_1_1_0_c1_v2	Yes	SRR15653115	S1_L004	unsorted	v2
C103	C103_T_1_1_0_c1_v2	Yes	SRR15653116	S1_L001	unsorted	v2
C103	C103_T_1_1_0_c1_v2	Yes	SRR15653117	S1_L002	unsorted	v2
C103	C103_T_1_1_0_c1_v2	Yes	SRR15653118	S1_L003	unsorted	v2
C103	C103_T_1_1_0_c1_v2	Yes	SRR15653119	S1_L004	unsorted	v2
C103	C103_T_1_1_3_c1_v2	Yes	SRR15653120	S1_L001	LiveMACS	v2
C103	C103_T_1_1_3_c1_v2	Yes	SRR15653121	S1_L002	LiveMACS	v2
C103	C103_T_1_1_3_c1_v2	Yes	SRR15653122	S1_L003	LiveMACS	v2
C103	C103_T_1_1_3_c1_v2	Yes	SRR15653123	S1_L004	LiveMACS	v2
C137	C137_T_1_1_1_c1_v2	Yes	SRR15653164	S1_L001	CD45pMACS	v2
C137	C137_T_1_1_1_c1_v2	Yes	SRR15653165	S1_L002	CD45pMACS	v2
C137	C137_T_1_1_1_c1_v2	Yes	SRR15653166	S1_L003	CD45pMACS	v2
C137	C137_T_1_1_1_c1_v2	Yes	SRR15653167	S1_L004	CD45pMACS	v2
C137	C137_T_1_1_1_c2_v2	Yes	SRR15653168	S1_L001	CD45pMACS	v2
C137	C137_T_1_1_1_c2_v2	Yes	SRR15653169	S1_L002	CD45pMACS	v2
C137	C137_T_1_1_1_c2_v2	Yes	SRR15653170	S1_L003	CD45pMACS	v2
C137	C137_T_1_1_1_c2_v2	Yes	SRR15653171	S1_L004	CD45pMACS	v2
C138	C138_N_0_0_0_c1_v2	No	SRR15653172	S1_L001	unsorted	v2
C138	C138_N_0_0_0_c1_v2	No	SRR15653173	S1_L002	unsorted	v2
C138	C138_N_0_0_0_c1_v2	No	SRR15653174	S1_L003	unsorted	v2
C138	C138_N_0_0_0_c1_v2	No	SRR15653175	S1_L004	unsorted	v2
C138	C138_N_0_0_1_c1_v2	No	SRR15653176	S1_L001	CD45pMACS	v2
C138	C138_N_0_0_1_c1_v2	No	SRR15653177	S1_L002	CD45pMACS	v2
C138	C138_N_0_0_1_c1_v2	No	SRR15653178	S1_L003	CD45pMACS	v2
C138	C138_N_0_0_1_c1_v2	No	SRR15653179	S1_L004	CD45pMACS	v2
C138	C138_T_0_0_0_c1_v2	Yes	SRR15653180	S1_L001	unsorted	v2
C138	C138_T_0_0_0_c1_v2	Yes	SRR15653181	S1_L002	unsorted	v2
C138	C138_T_0_0_0_c1_v2	Yes	SRR15653182	S1_L003	unsorted	v2
C138	C138_T_0_0_0_c1_v2	Yes	SRR15653183	S1_L004	unsorted	v2
C138	C138_T_0_0_0_c2_v2	Yes	SRR15653184	S1_L001	unsorted	v2
C138	C138_T_0_0_0_c2_v2	Yes	SRR15653185	S1_L002	unsorted	v2
C138	C138_T_0_0_0_c2_v2	Yes	SRR15653186	S1_L003	unsorted	v2
C138	C138_T_0_0_0_c2_v2	Yes	SRR15653187	S1_L004	unsorted	v2
C138	C138_T_0_0_1_c1_v2	Yes	SRR15653188	S1_L001	CD45pMACS	v2
C138	C138_T_0_0_1_c1_v2	Yes	SRR15653189	S1_L002	CD45pMACS	v2
C138	C138_T_0_0_1_c1_v2	Yes	SRR15653190	S1_L003	CD45pMACS	v2
C138	C138_T_0_0_1_c1_v2	Yes	SRR15653191	S1_L004	CD45pMACS	v2
C138	C138_T_0_0_1_c2_v2	Yes	SRR15653192	S1_L001	CD45pMACS	v2
C138	C138_T_0_0_1_c2_v2	Yes	SRR15653193	S1_L002	CD45pMACS	v2
C138	C138_T_0_0_1_c2_v2	Yes	SRR15653194	S1_L003	CD45pMACS	v2
C138	C138_T_0_0_1_c2_v2	Yes	SRR15653195	S1_L004	CD45pMACS	v2
C143	C143_T_1_1_0_c1_v2	Yes	SRR15653248	S1_L001	unsorted	v2
C143	C143_T_1_1_0_c1_v2	Yes	SRR15653249	S1_L002	unsorted	v2
C143	C143_T_1_1_0_c1_v2	Yes	SRR15653250	S1_L003	unsorted	v2
C143	C143_T_1_1_0_c1_v2	Yes	SRR15653251	S1_L004	unsorted	v2
C143	C143_T_1_1_1_c1_v2	Yes	SRR15653252	S1_L001	CD45pMACS	v2
C143	C143_T_1_1_1_c1_v2	Yes	SRR15653253	S1_L002	CD45pMACS	v2
C143	C143_T_1_1_1_c1_v2	Yes	SRR15653254	S1_L003	CD45pMACS	v2
C143	C143_T_1_1_1_c1_v2	Yes	SRR15653255	S1_L004	CD45pMACS	v2
